{
  "getAllUserGrants" : {
    "transaction" : "getAllUserGrants",
    "sampleCount" : 200,
    "errorCount" : 2,
    "errorPct" : 1.0,
    "meanResTime" : 1090.33,
    "medianResTime" : 186.0,
    "minResTime" : 80.0,
    "maxResTime" : 148269.0,
    "pct1ResTime" : 797.4000000000001,
    "pct2ResTime" : 1149.2499999999998,
    "pct3ResTime" : 2599.3200000000033,
    "throughput" : 0.3950547052003026,
    "receivedKBytesPerSec" : 0.41300577495906243,
    "sentKBytesPerSec" : 1.0362933054029657
  },
  "getProjectNav" : {
    "transaction" : "getProjectNav",
    "sampleCount" : 200,
    "errorCount" : 3,
    "errorPct" : 1.5,
    "meanResTime" : 3672.5150000000003,
    "medianResTime" : 609.0,
    "minResTime" : 174.0,
    "maxResTime" : 158487.0,
    "pct1ResTime" : 2320.9000000000005,
    "pct2ResTime" : 3024.1499999999996,
    "pct3ResTime" : 134742.57000000004,
    "throughput" : 0.39495172702516435,
    "receivedKBytesPerSec" : 2.726578560341712,
    "sentKBytesPerSec" : 1.0456655529027965
  },
  "Total" : {
    "transaction" : "Total",
    "sampleCount" : 1000,
    "errorCount" : 11,
    "errorPct" : 1.1,
    "meanResTime" : 26073.235000000008,
    "medianResTime" : 621.5,
    "minResTime" : 80.0,
    "maxResTime" : 477984.0,
    "pct1ResTime" : 151909.69999999998,
    "pct2ResTime" : 178075.2999999999,
    "pct3ResTime" : 227364.02,
    "throughput" : 1.9360784344095348,
    "receivedKBytesPerSec" : 1290.002432047277,
    "sentKBytesPerSec" : 4.255772659861996
  },
  "getNavigations" : {
    "transaction" : "getNavigations",
    "sampleCount" : 200,
    "errorCount" : 0,
    "errorPct" : 0.0,
    "meanResTime" : 542.41,
    "medianResTime" : 450.5,
    "minResTime" : 171.0,
    "maxResTime" : 5053.0,
    "pct1ResTime" : 866.7,
    "pct2ResTime" : 1207.3499999999997,
    "pct3ResTime" : 2126.850000000003,
    "throughput" : 2.4123124427075795,
    "receivedKBytesPerSec" : 148.11636090606456,
    "sentKBytesPerSec" : 6.318468211752786
  },
  "getAllModules" : {
    "transaction" : "getAllModules",
    "sampleCount" : 200,
    "errorCount" : 4,
    "errorPct" : 2.0,
    "meanResTime" : 124207.66499999994,
    "medianResTime" : 150710.0,
    "minResTime" : 84.0,
    "maxResTime" : 477984.0,
    "pct1ResTime" : 216565.2,
    "pct2ResTime" : 227352.1,
    "pct3ResTime" : 347334.56000000006,
    "throughput" : 0.38945056314551435,
    "receivedKBytesPerSec" : 1269.1064332182345,
    "sentKBytesPerSec" : 1.0155075563145515
  },
  "Login" : {
    "transaction" : "Login",
    "sampleCount" : 200,
    "errorCount" : 2,
    "errorPct" : 1.0,
    "meanResTime" : 853.2549999999997,
    "medianResTime" : 699.5,
    "minResTime" : 238.0,
    "maxResTime" : 5476.0,
    "pct1ResTime" : 1482.0,
    "pct2ResTime" : 1860.8499999999985,
    "pct3ResTime" : 4378.47000000001,
    "throughput" : 2.389714668068633,
    "receivedKBytesPerSec" : 8.181762257742676,
    "sentKBytesPerSec" : 1.1785213939205659
  }
}